LASTNAME;NAME;BIRTH_DATE;CODE_COUNTRY_NUM;CODE_PLAYER;HEIGHT
el-Mona; Neeshaan;1984-04-07;292;617;1.87
al-Mansoor; Dhaahir;1980-08-29;0;618;1.96
al-Zaki; Rajaa;1980-12-17;626;619;1.89
Begay; Christian;1981-08-11;254;620;1.88
Pratt; Gavin;1985-08-24;744;621;1.87
Brodie; Derek;1977-11-29;585;622;1.84
Nguyen; Alexandre;1974-01-21;768;623;1.97
Olguin; Adam;1979-06-02;175;624;1.96
Le; Caleb;1975-09-10;784;625;1.97
Valdez; Michael;1972-04-07;100;626;1.98
Kingsley; Chase;1973-09-24;336;627;1.89
al-Mona; Nawaar;1982-04-13;500;628;1.94
Archuleta; Gerardo;1974-03-02;434;629;1.83
Heath; James;1974-06-02;324;630;1.94
Vigil; Mark;1980-01-30;660;631;1.93
Jamerson; Thomas;1979-08-23;70;632;1.96
Tinajero; Forest;1984-06-05;643;633;1.85
Gonzales; Elias;1972-02-24;308;634;1.93
Hirano; Brandon;1971-03-03;404;635;1.84
Mitze; Dylan;1974-02-02;540;636;1.93
Fisco Jr; Praveen;1981-06-04;266;637;1.95
Colangelo; Sergio;1979-07-05;591;638;1.96
Tesfamariam; Kareem;1980-06-24;535;639;1.84
Dillingham; Samuel;1982-04-20;410;640;1.9
Mooney; Garrett;1971-08-18;440;641;1.92
Alfaro; Cesar;1982-12-07;833;642;1.92
Pinedo Diaz; Ryan;1980-08-30;28;643;1.85
Eaton; Justin;1972-07-12;116;644;1.89
Rice; Ian;1973-11-12;270;645;1.97
el-Satter; Kabeer;1972-05-22;356;646;1.95
Graczyk; Grant;1985-07-03;36;647;1.98
Lymburn; Oswald;1983-06-18;132;648;1.92
al-Abbas; Shabaan;1980-09-02;276;649;1.96
Bennett; Andrew;1980-10-28;768;650;1.92
Smith; Firacoth;1980-02-03;690;651;1.94
al-Sharif; Abdul Baasid;1981-10-19;624;652;1.95
Swenson; Logan;1976-05-22;480;653;1.98
Strock; Riley;1972-08-22;156;654;1.91
al-Amiri; Shuaib;1981-08-09;372;655;1.81
Dunlap; Marcus;1985-11-11;585;656;1.84
Loredo; Jacob;1979-10-23;100;657;1.9
al-Sheikh; Abdul Azeez;1978-09-03;352;658;1.91
Cechini; Jacob;1971-07-22;0;659;1.88
Monroe; Clayton;1981-05-04;328;660;1.81
Lightfoot; Rashaan;1971-09-28;96;661;1.81
el-Badie; Saif;1981-12-21;132;662;1.86
Tesfa; Nicholas;1972-06-09;756;663;1.8
Miller; Trevor;1974-09-17;638;664;1.97
Thompson; Andrew;1972-05-27;499;665;1.89
Lopez; Steven;1975-04-27;275;666;1.85
Cereceres; Edward;1974-09-12;276;667;1.82
el-Adel; Lutfi;1981-06-27;52;668;1.95
Harrier; Brandon;1979-05-09;732;669;1.92
el-Rizk; Muhsin;1971-11-25;262;670;1.83
Muya; Du Shawn;1977-05-03;674;671;1.81
House; Cyrus;1974-12-12;275;672;1.82
al-Kaleel; Aslam;1981-01-18;12;673;1.92
Buccieri; Carlton;1977-01-09;196;674;1.82
Trujillo; Julian;1972-04-15;724;675;1.86
Svendson; Joshua;1979-04-01;152;676;1.97
Thompson Williams; Eric;1975-08-18;166;677;1.95
Keuhne; Donovan;1977-05-16;732;678;1.94
Birkhead; Nathan;1977-02-30;316;679;1.93
Nash; Jerrell;1974-05-29;188;680;1.82
Rivas; Victor;1978-12-01;580;681;1.87
Estep; Dillon;1972-08-02;612;682;1.87
Skodack; Skip;1971-03-04;728;683;1.95
Smith; Keanu;1985-06-13;52;684;1.95
Macpherson; Travis;1982-12-07;620;685;1.88
el-Saba; Rajaa;1985-09-28;626;686;1.88
Singh; Joseph;1980-04-03;500;687;1.91
Lucero; Brandon;1977-02-09;728;688;1.97
Cortez; Eric;1974-04-13;462;689;1.89
Moody; Deangelo;1982-01-07;512;690;1.89
al-Shehadeh; Anwar;1972-07-12;108;691;1.81
Brewer; Jose;1972-04-18;204;692;1.94
Sterner; Nicholas;1984-03-29;196;693;1.87
el-Abed; Wajeeh;1978-08-19;643;694;1.81
Anchondo; Malaki;1979-07-11;140;695;1.98
Grosso; Samuel;1976-07-09;16;696;1.97
Vega; Francisco;1974-01-19;70;697;1.94
Wada; John;1985-03-17;492;698;1.92
Bass; Angelo;1974-04-26;772;699;1.9
Garcia; Jose;1984-10-04;768;700;1.96
Mendoza; Franklin;1985-08-01;670;701;1.98
el-Ramin; Abbaad;1981-06-08;484;702;1.88
Pohlenz; Spencer;1985-03-07;496;703;1.9
Chittenden; Adam;1972-02-27;678;704;1.98
Elwood; Irquois;1975-04-17;388;705;1.82
Araujo; Sergio;1984-09-09;414;706;1.94
al-Abdul; Khaleefa;1980-12-11;242;707;1.9
King; Joshua;1979-02-08;480;708;1.82
Delarosa; Werner;1980-11-17;535;709;1.82
Robinson; D'Andre;1979-12-19;728;710;1.86
Lee; Emmitt;1975-10-25;826;711;1.93
Tarver; Azim;1975-07-01;418;712;1.96
al-Mahdi; Akram;1980-04-21;417;713;1.87
Voss-Scott; Noah;1973-09-07;512;714;1.95
Chu; Zhiyuan;1971-11-21;826;715;1.87
Madrill; Brett;1975-08-11;196;716;1.86
Kidder; Armani;1975-04-21;642;717;1.92
el-Saade; Muthanna;1975-09-19;831;718;1.86
Sierra; Juan;1975-05-21;212;719;1.87
al-Khawaja; Masood;1981-10-15;414;720;1.88
Mcwilliams; Kivonjay;1978-10-13;616;721;1.88
Hackleman; Philip;1984-09-10;218;722;1.92
Deere; Ivan;1976-07-29;706;723;1.94
Lehi; Phillip;1979-10-21;458;724;1.97
Preciado; Erik;1977-05-13;520;725;1.94
el-Rasheed; Tawfeeq;1979-07-27;0;726;1.94
Ketchum; Marcus;1971-09-06;300;727;1.83
Mcdondle; Anthony;1983-07-23;120;728;1.94
Cruz; Michael;1980-11-10;76;729;1.8
Johnson-Brown; Xzavier;1973-05-26;132;730;1.93
al-Youssef; Abdul Hakeem;1977-05-20;392;731;1.83
el-Hadi; Hamdi;1976-07-08;180;732;1.81
el-Parsa; Bakar;1981-06-18;499;733;1.91
Lor; Joshua;1980-03-22;12;734;1.86
Sasaki; Kylin;1974-07-02;887;735;1.85
Bunting; Paul;1985-03-14;212;736;1.9
el-Fawaz; Mutammam;1980-04-22;548;737;1.97
Lovejoy; Nathaniel;1971-04-23;340;738;1.87
Herrera Silva; Alejandro;1983-09-23;136;739;1.87
West; Brandon;1973-05-18;580;740;1.87
al-Irani; Najeem;1974-12-02;400;741;1.81
Carbajal; Itzael;1975-02-05;642;742;1.9
Blackhorse; Christian;1977-12-21;292;743;1.95
Severson; Nicholas;1971-06-09;666;744;1.96
Fuino; Ian;1983-09-26;662;745;1.82
Redin; Kosuke;1973-03-01;262;746;1.9
al-Zakaria; Munsif;1983-10-22;312;747;1.82
Kim; Kevin;1972-06-09;630;748;1.91
Dan; Clayton;1976-11-20;498;749;1.81
al-Azzam; Saleel;1977-12-14;499;750;1.94
Tanaka; Neil;1978-11-05;250;751;1.92
Eberhart; Couric;1981-05-28;496;752;1.8
al-Shakir; Abdul Rauf;1973-05-22;288;753;1.88
Creech; Connor;1971-12-05;533;754;1.9
Orr; Connor;1975-09-10;624;755;1.87
Morben; John;1984-06-22;682;756;1.88
Duplantier; Quinton;1971-02-25;364;757;1.85
Thomas; Quincy;1979-08-22;222;758;1.88
Cheng; Andrew;1979-01-07;248;759;1.9
Angulo Martinez; Edward;1973-09-19;76;760;1.85
Cruz; Faustino;1977-08-21;324;761;1.81
al-Azimi; Waleed;1983-06-23;417;762;1.97
Garcia; Bernardo;1979-03-23;638;763;1.88
Bush; Kane;1978-07-08;417;764;1.83
Prasad; Kevin;1983-07-07;860;765;1.81
Snow; Lonny;1974-01-06;862;766;1.91
Ward; Keandre;1976-08-13;296;767;1.82
Vigil; Ricardo;1980-12-06;92;768;1.97
Williams; Christian;1975-12-26;580;769;1.81
Deherrera; Matthew;1980-10-29;4;770;1.88
Shah; Seung;1985-05-27;832;2;1.87
el-Akel; Zaahir;1976-08-02;218;3;1.96
el-Malik; Husni;1971-06-16;328;4;1.88
Sounakhene; Yutaro;1976-09-02;250;5;1.88
Hight; Andrew;1972-10-20;748;6;1.84
Hirokawa; Sean;1984-01-12;662;7;1.97
el-Demian; Abdut Tawwab;1985-11-18;144;8;1.88
Running-Rabbit; Ethen;1980-08-25;233;9;1.98
Johnson; Kyle;1980-01-07;624;10;1.95
Davis; Scott;1973-12-15;630;11;1.87
el-Mohamed; Imaad;1981-08-08;478;12;1.96
Sadiarin; Tyler;1974-05-02;52;13;1.88
al-Ghaffari; Aabid;1985-06-22;414;14;1.89
Guerrero; Antonio;1977-10-13;795;15;1.85
Stevens-Sunnell; Casey;1971-11-11;788;16;1.81
al-Bari; Muslih;1972-09-14;10;17;1.83
Rojas; Marcus;1976-09-08;250;18;1.93
Perez Rivera; Alan;1978-07-20;68;19;1.91
Vasquez; Vyncynt;1978-02-25;478;20;1.89
Brown; Zimiri;1984-11-17;834;21;1.9
al-Taheri; Ihaab;1975-11-18;548;22;1.85
Leswick; Elijah;1976-09-04;258;23;1.87
Trojahn; William;1979-06-12;404;24;1.81
Masingale; Samuel;1971-01-27;442;25;1.84
Colbert; Ashay;1972-12-10;364;26;1.8
Hasan; Timothy;1982-02-17;222;27;1.8
Jensen; Cash;1978-06-07;368;28;1.81
Hancock; Tavaris;1984-06-12;140;29;1.9
el-Ismael; Ma;1971-06-16;56;30;1.97
Taylor; Deandre;1981-07-13;50;31;1.82
Gonzalez; Saul;1971-04-04;554;32;1.84
Valenzuela; Johnny;1978-10-27;234;33;1.93
Carlin; Ryne;1971-02-09;400;34;1.94
Lira; Dominic;1973-09-26;404;35;1.82
Bluejacket; Howard;1984-09-25;410;36;1.91
Kissell; Tyler;1984-06-13;748;37;1.83
Zhen; Matthew;1985-07-13;862;38;1.96
Bean; Dinay;1971-08-01;222;39;1.97
Bair; John;1983-10-03;454;40;1.81
Maas; Jonel;1973-07-11;492;41;1.97
Ellerman; Danny;1983-05-18;516;42;1.93
Lucero; Corey;1972-03-08;208;43;1.89
Sanchez; Alonso;1981-06-15;414;44;1.83
Wetsch; Jeffrey;1983-02-14;662;45;1.8
Boon; Julian;1972-07-09;833;46;1.92
al-Assad; Jamaal;1971-12-16;744;47;1.93
Cervantes; Anthony;1979-08-19;364;48;1.97
Ford Nunn; Cass;1982-12-02;826;49;1.86
Soto Reyes; Ramon;1979-10-29;48;50;1.95
Dewind; Nicholas;1983-03-04;496;51;1.87
Garcia; Gabe;1981-06-14;480;52;1.9
Collette; Jose;1972-04-10;334;53;1.85
Tunnell; Steven;1976-11-06;434;54;1.97
Maldonado; Joseph;1975-05-20;508;55;1.92
Simon; Taku;1985-09-08;642;56;1.89
Brittain; Michael;1971-06-12;854;57;1.81
Hornbuckle; Ramesh;1978-03-17;756;58;1.87
Chen; Henley;1981-05-08;660;59;1.88
al-Raad; Zaahir;1982-06-19;772;60;1.92
Bennett Tapuy; Jose;1980-01-16;826;61;1.9
Trujillo; Christian;1981-10-13;36;62;1.91
Ball; Alex;1973-02-08;332;63;1.97
Tesfaye; Marcus;1979-08-02;184;64;1.82
English; David;1976-11-19;96;65;1.92
Mitchell; Anthony Jr;1984-12-22;320;66;1.89
Maloy; William;1975-06-21;108;67;1.95
Valencia; Daniel;1974-01-18;320;68;1.93
el-Latif; Ikram;1971-12-02;204;69;1.95
Harner; Connor;1973-02-23;140;70;1.83
Johnson; Darcey;1981-04-27;10;71;1.88
Vela-Lopez; Michael;1983-08-30;760;72;1.95
Wysocki; Ocean;1975-08-02;580;73;1.8
al-Nagi; Abdul Baari;1980-07-23;764;74;1.84
Rogers; Colter;1975-04-19;36;75;1.8
Jelly; Marcus;1976-11-17;558;76;1.91
Chavarria; Ricky;1985-09-10;208;77;1.95
Smock; Benjamin;1975-04-21;442;78;1.87
el-Demian; Jaad;1976-10-27;100;79;1.8
Jefferson; Toniesha;1980-04-17;162;80;1.97
Herrera; William;1983-02-11;250;81;1.83
Littlewhiteman; Calvin;1977-02-05;634;82;1.86
Santos; Marquis;1980-02-05;484;83;1.97
Gabriel; Bo;1974-01-30;204;84;1.89
Gomez; John;1977-09-25;108;85;1.92
Bautista III; Joseph;1985-12-06;104;86;1.85
Koenig; Jesse;1982-05-01;480;87;1.86
el-Burki; Suhaib;1981-04-19;32;88;1.87
Keating; Cody;1977-03-12;474;89;1.9
Few; Trevin;1984-07-06;246;90;1.94
Zamora; Marcello;1979-02-29;104;91;1.83
Coberly; Justin;1971-06-29;548;92;1.81
al-Rashed; Saajid;1978-08-20;232;93;1.83
al-Syed; Zaaid;1977-10-20;132;94;1.92
Godinez; Ernesto;1979-09-06;104;95;1.93
el-Masood; Imraan;1982-10-16;578;96;1.98
Taylor; Zachariah;1976-12-15;384;97;1.86
Jain; Nantapop;1983-10-26;690;98;1.95
Billingsley; William Keith;1982-07-05;48;99;1.98
Khliu; Kin;1974-01-21;858;100;1.95
Mears; Jerry;1985-04-17;500;101;1.95
Smith; Eric;1980-04-06;320;102;1.86
Ganem; Matthew;1973-07-15;76;103;1.89
Greimann; Wyatt;1975-03-03;496;104;1.82
Goins; Aaron;1973-04-23;558;105;1.91
al-Mansour; Naazil;1980-10-15;531;106;1.96
Mullins; Caleb;1974-06-25;348;107;1.86
Jones; Maleek;1977-08-16;300;108;1.93
Walters; Steven;1974-10-28;796;109;1.96
al-Gaber; Rushdi;1973-08-25;454;110;1.91
Alcocer; Daniel;1983-03-07;332;111;1.95
Garcia; Agustin;1984-07-14;624;112;1.81
el-Arif; Thaamir;1978-09-19;384;113;1.86
Hanson; Donald;1981-02-11;124;114;1.97
Williams; Blake;1980-07-07;854;115;1.94
Flores; James;1977-11-19;60;116;1.83
Romero-Martinez; Rory;1975-07-24;104;117;1.81
el-Abad; Ramalaan;1975-10-30;0;118;1.89
Johnson; Laderian;1973-10-18;36;119;1.81
el-Khalili; Ridwaan;1978-07-12;250;120;1.89
Parsons; Jeremy;1985-04-05;876;121;1.96
el-Fayad; Uwais;1981-07-22;233;122;1.95
Yu; Christian;1982-01-23;776;123;1.96
al-Khalaf; Razeen;1979-02-05;124;124;1.95
Dao; Johnson;1971-12-08;792;125;1.9
Choate; Roberto;1983-12-29;643;126;1.96
Wirsching; Hayden;1971-05-11;275;127;1.85
Dang; Brandon;1981-01-18;212;128;1.92
Lichtenberg; Andrew;1985-03-18;772;129;1.88
Jefferson; Scottie;1977-02-25;858;130;1.89
Doan; Kevin;1981-12-04;60;131;1.9
el-Rasul; Abdul Hakeem;1971-01-12;233;132;1.81
Lee; Keegan;1973-02-22;8;133;1.9
al-Habeeb; Hilmi;1981-03-26;498;134;1.93
Sauls; Quinton;1983-08-13;312;135;1.91
Kauffmann; Wallace;1980-11-12;384;136;1.81
Cowgill; Travis;1980-09-22;574;137;1.86
Smith; Huntor;1983-10-17;72;138;1.92
Dominguez; Irvin;1981-09-20;772;139;1.8
Gilleece; Collin;1980-01-08;356;140;1.93
Chong; Alex;1973-09-18;480;141;1.86
el-Hatem; Naasif;1976-10-23;70;142;1.91
Masters; Ryan;1978-05-28;760;143;1.86
Coley; E'Phraim;1977-02-01;710;144;1.91
al-Akbari; Tayyib;1984-11-22;258;145;1.95
Zaman; Brandon;1984-06-28;528;146;1.82
Amparan; Tyler;1977-06-16;580;147;1.97
Warsame; Boris;1981-03-10;504;148;1.8
al-Siddiqui; Zameel;1980-12-28;248;149;1.81
Valdes; Manuel;1974-06-30;233;150;1.89
Kim; David;1979-05-08;50;151;1.94
Martinez-Vargas; Gerardo;1978-08-16;634;152;1.97
el-Qasim; Daamir;1971-01-29;380;153;1.96
al-Faraj; Mundhir;1979-02-28;100;154;1.82
Tran; Torrey;1983-01-04;498;155;1.97
Hemzacek; Ryan;1978-06-12;136;156;1.85
Corning; Brian;1977-12-25;807;157;1.85
Pigott; Taran;1980-09-18;48;158;1.9
Hays; Marqus;1979-01-24;144;159;1.86
Heu; Saad;1974-05-19;410;160;1.86
Vigil; Jose;1985-01-10;288;161;1.98
Molina-Ontiveros; Brenton;1984-10-07;585;162;1.82
Short; Devin;1982-04-18;136;163;1.94
Vigil; Mark;1978-02-18;50;164;1.82
Ayotte; Tyler;1981-01-28;504;165;1.93
Castine; David;1973-08-03;246;166;1.84
al-Abdul; Muntasir;1975-11-07;858;167;1.91
Morben; Casey;1977-01-27;620;168;1.94
Lee; You-One;1975-05-01;670;169;1.97
Roberts; Quyncc;1985-07-14;124;170;1.87
Tucker; Drew;1975-10-13;239;171;1.92
Herrera Cerna; Yuri;1971-06-28;604;172;1.97
Zabel; Hayden;1972-05-04;520;173;1.84
Fuentes; Joshua;1972-11-03;24;174;1.89
Hogan; Jacob;1972-02-08;24;175;1.94
Weldon; Dylan;1983-01-28;50;176;1.88
Wieber; Brandon;1984-02-15;454;177;1.83
al-Nasrallah; Nadheer;1985-04-10;222;178;1.88
Romero; Rolando;1971-12-25;591;179;1.81
Warren; Adam;1980-02-06;112;180;1.82
Schaad; Dante;1971-02-08;218;181;1.93
Nguyen; Andrew;1975-09-22;208;182;1.97
al-Moustafa; Zuhair;1974-01-28;270;183;1.82
Cushon; Joseph;1976-08-08;398;184;1.93
el-Rafiq; Haani;1974-01-23;612;185;1.86
Deloach; Jarmosley;1972-05-09;324;186;1.82
Tacuba; Tony;1977-02-29;854;187;1.84
el-Dada; Fawwaaz;1973-07-26;768;188;1.84
Chavez-Fernandez; Isaiah;1978-02-28;534;189;1.82
Griggs; Stephen;1974-05-22;480;190;1.85
Finley; Wanbli;1980-03-22;716;191;1.88
Dahlin; Jacob;1983-11-22;784;192;1.96
Sohn; Brandon;1976-06-30;158;193;1.94
Galloway; Anthony;1973-08-25;418;194;1.88
Rondeau; Eric;1974-02-04;233;195;1.84
Harvin; Craig;1981-09-22;832;196;1.87
Wakasugi; Tue;1978-05-07;422;197;1.93
Carlin; Dylan;1974-02-07;275;198;1.95
Molina; Brian;1975-12-01;191;199;1.91
Shrestha; Darren;1983-05-01;268;200;1.82
Tafoya; Adrian;1983-10-23;120;201;1.82
Luna; Gericko;1984-11-20;68;202;1.83
al-Ghanem; Bishr;1984-08-15;580;203;1.82
Gasca; Jose;1983-12-26;678;204;1.98
el-Mahmud; Fahd;1977-10-27;702;205;1.87
el-Sinai; Fikri;1977-11-26;417;206;1.91
Klimek; Sidharth;1980-07-09;410;207;1.93
el-Anwar; Mubarak;1972-07-27;604;208;1.82
al-Rashed; Ihaab;1973-09-06;304;209;1.83
Melendez; Salvador;1974-08-26;92;210;1.83
Skaggs; Courtlandt;1979-01-22;28;211;1.95
Howard; Christopher;1975-10-27;807;212;1.97
Muller; Wesley;1976-11-22;512;213;1.93
Latham; Symon;1980-12-29;686;214;1.87
Schoenfeld; Rito;1978-06-13;214;215;1.85
Conley-Frazier; Quinn;1983-08-26;84;216;1.88
Reynolds; Dimas;1973-02-21;554;217;1.97
Miller; Derreck;1980-09-20;104;218;1.83
Grout; Blake;1972-02-23;508;219;1.91
Gann; Heath;1982-08-16;585;220;1.81
al-Samra; Jaasir;1974-07-16;584;221;1.88
Hickman; Marcellus;1983-05-10;826;222;1.92
Perez; Enrique;1985-08-16;704;223;1.92
Swigert; Christopher;1982-01-02;831;224;1.93
Mcnaney; Matthew;1981-04-26;72;225;1.93
Rosen; Patrick;1974-07-24;480;226;1.92
Trujillo; Condeladio;1974-10-05;500;227;1.82
al-Mansoor; Hanlala;1973-10-24;400;228;1.87
Burke; Caleb;1974-02-06;662;229;1.83
Repka; Colan;1978-12-29;524;230;1.87
Gordon; Ryland;1974-08-19;660;231;1.94
Reese; Edward;1975-10-30;384;232;1.91
Searles; Kyle;1975-11-27;348;233;1.89
Kaneko; Matthew;1971-09-08;535;234;1.97
Brunz; Nathan;1975-12-15;744;235;1.85
el-Hakeem; Lutfi;1976-02-19;144;236;1.9
Smith; Tyler;1971-07-25;744;237;1.94
Clark; Kyle;1981-01-16;858;238;1.94
Lopez; Shane;1983-09-11;384;239;1.96
Littlethunder; Ira;1979-11-18;694;240;1.84
Balaun; Calvin;1985-07-03;408;241;1.98
Ho; Matthew;1976-01-09;44;242;1.91
Steinmark; Benjamin;1972-08-22;162;243;1.84
Talbott; Kevin;1980-12-20;788;244;1.88
Murillo-Roldan; Nicolas;1979-11-14;833;245;1.85
Phung; Kin-Lino;1977-05-30;762;246;1.9
Jimenez Yanez; Israel;1975-06-23;356;247;1.9
Hess; Brandon;1981-12-10;662;248;1.87
Luckey; Michael;1977-08-05;504;249;1.84
Curtis; Jesse;1982-07-07;446;250;1.97
Gates; Preston;1973-08-21;524;251;1.82
el-Agha; Shafeeq;1984-01-10;100;252;1.96
Hannebaum; Jonathan;1977-03-16;702;253;1.92
Ortiz; Tucker;1985-05-05;434;254;1.92
Coleman; Kwame;1984-08-26;208;255;1.91
Rodriguez-Quezada; Paul;1977-03-02;462;256;1.81
Holland; Jake;1984-01-15;740;257;1.91
Lim; Anthony;1975-06-23;732;258;1.88
Jones; Savon;1978-03-21;804;259;1.88
Esselman; Abhishekha;1979-10-05;275;260;1.84
Serrano Cervantes; Cypress;1974-05-06;250;261;1.95
Mills; Tristan;1981-05-23;100;262;1.98
Turner; Lonnie;1980-03-21;260;263;1.83
Hertz; Tsinnijinnie;1972-12-12;504;264;1.86
Delgado; Edixon;1984-10-10;752;265;1.84
Arbogast; Francis;1981-06-13;554;266;1.93
Yi; Gary;1976-11-20;36;267;1.83
Briseno; Ty;1972-08-19;620;268;1.83
Lefano; Jacob;1974-02-10;776;269;1.81
Kee; Prettyboy;1983-03-17;380;270;1.88
el-Karam; Hamood;1984-04-05;428;271;1.93
Lee; Alexander;1978-02-06;258;272;1.91
West; Antonio;1973-12-06;818;273;1.94
Guzman; Carlos;1974-07-19;275;274;1.82
Saraogi; Jonathan;1971-05-19;654;275;1.97
Ji; Aaron;1980-04-06;466;276;1.94
Blount; Jeffry;1977-07-05;462;277;1.96
David; Joel;1981-07-12;104;278;1.9
Frost; Zaquin;1972-08-10;796;279;1.94
Duque; Juan;1975-11-03;792;280;1.88
Mingilton; Seth;1978-05-17;28;281;1.92
Mee; Nicolai;1974-08-19;296;282;1.82
Chan; Cheng;1978-08-17;428;283;1.83
al-Rasheed; Abdul Quddoos;1984-08-03;74;284;1.96
Degena; Jathan;1985-06-27;585;285;1.87
Campbell; Tyree;1979-10-11;203;286;1.94
Coltrain; Donald;1974-06-24;372;287;1.96
Carabajal III; Anfernee;1976-04-06;400;288;1.92
Agnew; Treygon;1984-02-03;583;289;1.9
Garner; Calvin;1972-06-07;612;290;1.97
Travis; Kevon;1975-10-14;266;291;1.93
Jaramillo; Alejandro;1980-10-29;304;292;1.97
Murillo; Nicolas;1981-05-15;531;293;1.94
Regan; Zeth;1983-05-04;705;294;1.96
al-Shakoor; Fayyaad;1977-12-21;528;295;1.88
al-Farrah; Ghaamid;1973-04-30;392;296;1.82
Jones; Joseph;1979-07-04;690;297;1.92
Vigil; Jacob;1983-05-20;858;298;1.98
Rodriguez; Erik;1984-12-06;268;299;1.91
Weiss; Anthony;1985-05-03;834;300;1.86
el-Niazi; Arkaan;1984-03-19;831;301;1.89
Saunders; Howard;1973-08-19;598;302;1.88
Gonzales; Nicholas;1984-08-25;166;303;1.89
Mortel; Tony;1976-04-18;352;304;1.97
Liden; Jeffrey;1979-06-03;56;305;1.94
Quang; Wesley;1975-04-20;480;306;1.8
Moline; Austin;1977-09-30;548;307;1.85
Briseno Valdez; Beau;1972-02-20;534;308;1.9
Pallister; Matias;1981-03-08;516;309;1.94
Smith; Joshua;1977-05-29;858;310;1.95
Maumau; Phillip;1975-04-02;643;311;1.86
Figueroa; Eduardo;1976-03-26;148;312;1.82
Tafoya; Mario;1975-10-10;266;313;1.96
Enkh Amgalan; Ahnaf;1971-05-29;858;314;1.81
Cha; Daniel;1985-03-23;598;315;1.9
Marshall; Kaleb;1979-05-26;580;316;1.87
Burns; Dyami;1973-05-18;60;317;1.91
Salazar; Michael;1979-10-09;558;318;1.97
Ison; Charles;1980-07-01;408;319;1.83
Jackson; Gurinder;1982-06-03;234;320;1.83
Chhoeun; Kevin;1978-05-11;233;321;1.91
Potman; Airam;1972-06-14;566;322;1.88
Vandyke; Bailey;1973-10-02;56;323;1.86
Walter; Austin;1984-12-07;887;324;1.87
Hall; James;1983-10-15;638;325;1.87
Hardy; Christopher;1975-02-27;762;326;1.85
Bowman; Vincent;1976-01-05;392;327;1.91
Breer; Todd;1980-12-13;178;328;1.82
Johnson; Jaelan;1974-09-15;364;329;1.95
al-Shaker; Shuaib;1982-08-12;300;330;1.81
Enriquez-Yanez; Aaron;1973-10-09;585;331;1.82
An; Sean;1982-07-10;833;332;1.92
Javaid; David;1973-09-20;492;333;1.96
Harrison; Deonte;1974-07-13;266;334;1.95
Chan; Yuanxin;1983-12-16;458;335;1.82
Burdick; Alexander;1971-07-29;132;336;1.9
Rangel; Raul;1974-10-24;400;337;1.94
Varela; Anthony;1971-11-21;608;338;1.91
el-Rahimi; Sharaf;1985-06-04;56;339;1.88
Yang; Christopher;1976-05-15;492;340;1.87
Mensah; Nathaniel;1974-10-20;100;341;1.8
Herrera-Quiroz; Michael;1985-05-08;51;342;1.82
Piazza; Blake;1981-08-16;344;343;1.86
al-Qazi; Saamir;1980-04-17;535;344;1.93
al-Gaber; Shaheer;1980-07-07;158;345;1.81
Machesky; Derrick;1975-09-06;446;346;1.86
Topaha; Dominique;1983-04-16;340;347;1.81
Kim; Daniel;1977-06-19;682;348;1.9
Darras; Nicholas;1974-04-26;894;349;1.96
Cooper; Taveuan;1975-10-29;608;350;1.82
Brewer; Aaron;1980-04-15;807;351;1.91
Debus; Hershel;1981-04-08;239;352;1.95
Renton; Cameron;1984-01-20;60;353;1.95
Dzafic; Jeremy;1980-09-05;422;354;1.88
Baca; Jaime;1984-09-08;344;355;1.83
el-Farag; Zaghlool;1982-01-13;328;356;1.83
Trujillo; Gerci;1985-03-06;887;357;1.96
Price; Kolten;1978-12-06;52;358;1.87
Jacquez; Victor;1980-04-23;276;359;1.97
al-Assad; Mazeed;1982-05-07;624;360;1.84
Listy; Jordan;1974-01-25;266;361;1.88
al-Aslam; Basheer;1973-02-20;804;362;1.89
Ortega; Michael;1973-11-01;548;363;1.83
el-Husain; Hamdi;1975-06-23;170;364;1.82
el-Asad; Zaghlool;1976-06-22;608;365;1.81
Huang; Lael;1976-08-20;626;366;1.83
Nguyen; Vijay;1985-03-02;558;367;1.93
Foster; Dwight;1982-09-30;328;368;1.81
el-Omer; Humaid;1982-03-21;31;369;1.9
Krupa; Kenneth;1982-10-20;832;370;1.87
al-Yassin; Saood;1981-12-25;756;371;1.89
Pearson; Gregory;1982-11-20;600;372;1.86
Garcia; Richard;1985-11-23;716;373;1.94
Willingham; Jonathan;1982-08-20;831;374;1.93
Tracey; Devyn;1985-01-07;666;375;1.93
Muckom; Jonathan;1981-09-15;152;376;1.83
Cordova; Yahir;1978-08-17;558;377;1.81
Barrientos; Eric;1974-06-10;752;378;1.93
Sauer; James;1977-10-10;44;379;1.89
Hettich; Colin;1972-11-04;686;380;1.84
Campos; Carlos;1973-11-16;430;381;1.85
Nguyen; Conan;1981-04-27;702;382;1.94
Braley; Derrick;1985-05-30;807;383;1.86
Morgan; Treyben;1984-08-13;332;384;1.91
el-Mahmoud; Zufar;1985-09-10;604;385;1.93
Cable; Gavin;1975-08-14;148;386;1.82
al-Yasin; Abbaad;1975-04-08;772;387;1.84
Cook; Mark;1977-11-15;764;388;1.93
Sarracino; Charles;1982-03-16;348;389;1.96
el-Kaber; Shaafi;1984-07-30;239;390;1.9
Ross; Clay;1974-06-22;798;391;1.84
al-Younis; Jihaad;1971-01-16;694;392;1.94
el-Ghazi; Umair;1976-03-12;372;393;1.84
Martinez; Christopher;1978-06-10;158;394;1.93
Angulo Martinez; Jose;1980-02-25;108;395;1.9
Moua; Vansh;1973-02-27;332;396;1.85
Harvey; Darren;1979-12-01;584;397;1.94
La; Stephen;1977-11-04;554;398;1.91
Montgomery; Joshua;1979-10-04;446;399;1.87
Craft; Nicco;1978-12-09;72;400;1.83
al-Abdulla; Mujahid;1983-01-08;659;401;1.84
al-Elbaz; Mahdi;1981-05-09;724;402;1.89
Mansanares; Tyler;1975-10-11;112;403;1.86
Garcia; Antonio;1979-11-14;528;404;1.97
Dodds; Dominic;1984-02-27;470;405;1.86
el-Hamidi; Maazin;1985-05-16;334;406;1.83
Gries; Ryan;1983-07-07;630;407;1.83
Steinert; Dallas;1972-03-30;480;408;1.84
Alarid; Pedro;1984-03-28;0;409;1.98
Kim; Alan;1982-03-14;328;410;1.81
Keller; Dejonte;1975-03-24;478;411;1.83
Caldwell; Michael;1977-11-21;796;412;1.86
Shashidhar; Asim;1975-10-23;768;413;1.82
Moimoi; Tyler;1974-10-10;744;414;1.86
Begaye; Isaac;1973-02-02;242;415;1.8
Cachola; Carlos;1980-05-11;316;416;1.92
Laouar; Bailey;1971-02-16;234;417;1.89
al-Rauf; Saood;1976-06-29;40;418;1.84
Washington; Brandon;1975-04-14;8;419;1.81
Mccabe; Boyd;1976-10-27;124;420;1.84
Sipanya; Hoang;1972-08-22;320;421;1.88
Romo; Francisco;1980-12-13;562;422;1.85
Vasquez; Kristoffer;1975-04-07;288;423;1.87
Coleman; John;1985-07-25;528;424;1.94
Faucett; Christian;1980-03-04;516;425;1.94
Murad; Darren;1973-07-26;188;426;1.85
Garcia; Earnie;1980-08-24;408;427;1.85
el-Ali; Silmi;1974-02-02;876;428;1.85
Summers; Donovan;1983-03-22;384;429;1.97
Brown; Caleb;1983-02-17;234;430;1.83
Stufflebean; Richard;1975-02-05;231;431;1.82
Leyerly; Kyle;1972-02-06;28;432;1.81
Irvin; Michael;1977-12-18;800;433;1.83
Johnson; Dakota;1972-08-28;454;434;1.82
Wolfchief; Isaac;1974-01-04;226;435;1.96
Horne; Alexander;1981-12-07;276;436;1.91
el-Hammoud; Abdul Maalik;1978-01-11;68;437;1.81
al-Fayad; Saami;1983-03-15;162;438;1.82
al-Mansouri; Jawaad;1979-09-06;674;439;1.83
Quilon; Benjamin;1985-12-25;376;440;1.9
Sharon; Myles;1979-06-05;226;441;1.94
el-Jamail; Muhaajir;1984-06-24;630;442;1.81
Garner; Cameron;1974-09-21;204;443;1.91
el-Rahmani; Shabaan;1977-09-30;4;444;1.93
Swiatek; Jacob;1978-03-14;356;445;1.92
Baker; Kahliem;1977-08-24;175;446;1.84
el-Jama; Abdur Rahmaan;1981-11-01;28;447;1.87
Carr; Jorge;1975-01-13;191;448;1.9
Pronteau; Brian;1978-10-30;320;449;1.86
Davis; Soryn;1978-12-24;380;450;1.87
Perry; Jared;1979-04-15;48;451;1.86
Saucedo-Robles; Demetris;1982-10-29;478;452;1.96
Plunkett-Eliott; Ammanuel;1984-09-11;686;453;1.92
el-Sinai; Haafil;1978-06-22;124;454;1.84
Falcone; Hai;1979-02-17;600;455;1.83
Chapman; Coyote-Cache;1980-08-23;262;456;1.82
Gaston; Keaton James;1979-11-30;528;457;1.84
Pauli; Evan;1973-02-27;442;458;1.93
Klimek; Sean;1973-04-27;320;459;1.94
Gonzales; Avram;1974-06-07;336;460;1.89
al-Kanan; Mu'taz;1977-11-24;48;461;1.86
al-Shahan; Shabaan;1977-07-21;430;462;1.89
Huang; Tyler;1974-09-06;804;463;1.84
Falkinburg; Justin;1977-12-29;132;464;1.86
Anderson; Rene;1971-07-25;818;465;1.9
Semin; Matthew;1972-08-10;583;466;1.84
Hawkins; Steven;1979-08-30;804;467;1.85
Pingrey; Weilun;1971-05-26;654;468;1.97
Mccowan; Treyvon;1980-03-27;535;469;1.88
Pradhan; Ulysses;1971-03-15;231;470;1.93
Tieu; Sanket;1982-06-03;86;471;1.81
Sullivan; William;1975-04-28;340;472;1.81
Wabeke; Pornporm;1974-01-25;144;473;1.97
Johnson; Mitchell;1973-06-25;585;474;1.97
Miknevicius; Richard;1972-08-22;583;475;1.89
Hernandez; Richard;1975-12-09;586;476;1.84
al-Nassif; Mu;1982-12-02;780;477;1.94
Kennedy; Prentiss;1981-06-13;191;478;1.91
Lugo Jr; Omar;1975-02-25;84;479;1.94
Aguilar; Ismael;1976-12-02;226;480;1.83
al-Hamady; Rabi;1975-08-22;254;481;1.81
Grimes; Samuel;1979-04-24;800;482;1.86
Frazier; Gerald;1976-11-02;438;483;1.95
Gustafson; Keith;1977-10-13;492;484;1.83
Brown; Brandon;1977-08-02;296;485;1.82
Chu; Phi;1974-04-25;688;486;1.86
Wilford; Kristopher;1978-11-28;520;487;1.89
Gonzalez; Alec;1978-05-05;232;488;1.95
Bates; Sebastian;1979-01-10;60;489;1.89
Swift Bird; Anfernee;1975-11-02;500;490;1.93
Monroe; Adam;1979-02-24;70;491;1.81
Merysca; Richard;1978-02-12;798;492;1.88
Feltz; Jeff;1983-12-02;372;493;1.87
al-Shaheen; Ilyaas;1976-08-12;705;494;1.98
Ortega-Aragon; Tyler;1973-04-24;492;495;1.92
Clevenger; Christopher;1981-11-07;214;496;1.92
Ruff; Yehosua;1973-08-06;233;497;1.97
Woten; Trysten;1979-01-06;166;498;1.97
Corro; Ignacio;1971-08-07;450;499;1.92
Park; Christopher;1978-12-16;268;500;1.85
Silbert; Christian;1981-09-12;162;501;1.81
Bolden; Devante;1983-09-07;807;502;1.89
Martinez; Brandon;1977-09-26;140;503;1.95
Jenkins; Dershon;1978-06-24;191;504;1.9
Avila; Daniel;1983-09-25;328;505;1.85
Rains; Haydin;1974-03-14;8;506;1.87
Mayek; Christofer;1975-06-18;703;507;1.86
Davick; Benjamin;1983-03-21;626;508;1.82
Palmer; Sage;1974-01-01;535;509;1.95
Haynes; Benjamin;1971-05-09;776;510;1.81
Kanakoqui; Jose;1981-05-21;705;511;1.85
Coleman-Isaac; Robert;1977-06-23;554;512;1.9
Joiner; Nicholas;1979-03-09;344;513;1.85
Kirkos; Tulani;1980-08-09;60;514;1.89
el-Ramadan; Jihaad;1983-01-09;316;515;1.86
al-Tabet; Aadil;1984-12-06;535;516;1.89
Wu; Montez;1984-06-07;520;517;1.9
Bennett; Sonim;1977-02-07;583;518;1.85
Foreman; De Vante;1975-06-05;112;519;1.84
Reuell; Ken;1973-05-19;422;520;1.93
Brodie; Bryce;1982-03-18;214;521;1.81
Ji; Daniel;1975-09-11;780;522;1.85
el-Sami; Safwaan;1981-02-07;678;523;1.89
Ba; Zachary;1981-03-24;570;524;1.92
Johnson; Curtis;1973-05-01;74;525;1.87
Edwards; Marquail;1981-06-13;620;526;1.98
al-Asad; Abdul Hai;1983-07-25;887;527;1.81
Keys; Eugene;1981-10-29;426;528;1.97
al-Salameh; Abdul Haleem;1983-06-27;574;529;1.82
Diller; Ryan;1982-12-06;124;530;1.86
al-Habibi; Aslam;1975-09-13;566;531;1.83
Padgett; Kyle;1973-09-10;410;532;1.8
Israel; Lucas;1983-09-10;796;533;1.86
Miller; Marcus;1971-10-30;604;534;1.94
Valdez; David;1984-06-09;136;535;1.83
Cohen; Michael;1983-06-26;16;536;1.94
Lapaz; Colton;1981-01-04;434;537;1.8
Hedin; Dominic;1985-05-24;258;538;1.83
Mahnken; Justin;1973-02-29;736;539;1.91
Gilman; Anthony;1985-09-26;292;540;1.88
Wallace; Kyle;1977-04-08;662;541;1.86
Landry; Farrell;1977-05-22;524;542;1.97
Khachatryan; Jeff;1975-10-26;204;543;1.95
Chen; Deon;1985-03-01;364;544;1.87
Johnson; Andrew;1982-10-24;659;545;1.91
Esquibel; Ronald;1983-08-25;703;546;1.86
Arrington; Thomas;1973-02-01;466;547;1.81
Lovato Medina; Jose;1981-04-01;804;548;1.91
Phillips-Thomas; Phillip;1978-09-23;196;549;1.87
el-Mansoor; Mamdooh;1971-05-11;64;550;1.96
Foster; Michael;1974-10-12;148;551;1.86
Green; Samuel;1983-05-26;332;552;1.86
el-Karam; Naaji;1981-01-02;242;553;1.83
el-Sala; Muhsin;1985-05-04;478;554;1.93
el-Mohammed; Nu'maan;1980-12-08;584;555;1.89
el-Hannan; Rayyaan;1972-05-01;500;556;1.94
Brown; James;1974-10-17;504;557;1.83
Waggoner; Brandon;1976-12-23;528;558;1.87
Rangel; Rudy;1981-05-10;732;559;1.88
Schneider; Nicholas;1979-04-14;108;560;1.83
Johns; Alexander;1979-04-19;620;561;1.87
el-Jafari; Shujaa;1979-02-01;638;562;1.97
Babcock; Matthew;1980-09-09;736;563;1.88
el-Baksh; Mahfooz;1985-06-29;788;564;1.91
Ortega; Zachery;1982-02-06;604;565;1.91
Ward; Stevon;1983-05-16;776;566;1.85
Schulz; Richard;1984-09-10;600;567;1.83
Sandoval; Alejandro;1980-11-09;233;568;1.88
Valentine; Jorge;1975-08-25;175;569;1.86
Molina; Adam;1974-01-03;862;570;1.97
Nash; Matthew;1972-10-25;184;571;1.83
Spore; Joshua;1971-11-08;12;572;1.8
Richards; Lorenzo;1978-12-13;262;573;1.93
Chaffee; Brandan;1976-04-28;51;574;1.95
el-Karimi; Zaki;1981-03-27;426;575;1.94
Li; Alan;1985-12-09;608;576;1.88
el-Salama; Kaamil;1982-10-08;68;577;1.96
Grimes; Charles;1979-06-25;800;578;1.96
West; Xavier;1981-09-15;404;579;1.8
Sherlock; David;1982-08-14;740;580;1.8
Pryor; William;1974-10-07;239;581;1.89
Stoehr; Lowell;1977-10-18;484;582;1.9
el-Salloum; Daif;1983-11-22;666;583;1.89
Ham; Terrance;1975-12-17;574;584;1.96
Ross; Gary;1979-05-12;20;585;1.94
Tafoya; Justin;1981-08-21;531;586;1.89
el-Mannan; Haashid;1971-12-10;795;587;1.95
al-Sesay; Saood;1974-08-27;480;588;1.81
Bedonie; Nicholas;1980-07-20;204;589;1.91
Pavlakis; Jesse;1984-10-05;678;590;1.97
Crocker; Masinde;1972-09-28;616;591;1.91
Choi; Aaron;1976-09-17;368;592;1.82
el-Naderi; Humaid;1983-01-19;690;593;1.92
el-Karimi; Shameem;1980-12-17;192;594;1.9
Van; Daniel;1981-05-27;716;595;1.96
Manley; Jaspreet;1973-11-30;239;596;1.93
Johnson; Monyindi;1979-05-26;710;597;1.95
Lennert; Jeong Min;1982-08-17;554;598;1.92
al-Kassem; Dhaakir;1974-04-21;620;599;1.96
Yamashita; Derek;1979-06-14;832;600;1.81
Yslas; Luis;1985-02-22;414;601;1.89
Juarez; Adam;1974-09-22;524;602;1.94
Leazer; Daniel;1973-11-20;780;603;1.82
Kline; Zachary;1973-11-23;716;604;1.9
Lowman; Dominique;1978-08-06;64;605;1.9
Womack; Anthony;1971-03-04;694;606;1.98
Aitken; Andrew;1985-01-04;388;607;1.86
Garrett; Craig;1978-12-21;682;608;1.97
Currington; Myron;1976-04-07;504;609;1.95
al-Kazmi; Ghassaan;1974-12-12;320;610;1.87
Madrid; Bryan;1974-04-09;858;611;1.82
Solomon; Christian;1985-07-08;148;612;1.96
Mead; Syed;1982-08-30;854;613;1.82
Overton; Diamond;1978-02-24;178;614;1.95
el-Bari; Khaalid;1982-05-20;534;615;1.82
Gallegos; Jonathan;1983-08-15;372;616;1.95
Gillespie; Dylan;1977-06-24;440;771;1.86
Jenkins; Brandon;1973-01-01;666;772;1.84
Joe; Coyote-Cache;1985-11-14;470;773;1.97
Harvey; Brandon;1974-07-25;535;774;1.96
Curry; Carlos;1973-11-18;203;775;1.8
Heideman; Blake;1985-09-04;752;776;1.96
Box; Byron;1971-09-01;300;777;1.83
Edmondson; Ricardo;1978-10-04;250;778;1.97
Dawlatzai; Eric;1975-06-18;31;779;1.98
Mackins; Kevin;1973-02-27;732;780;1.84
Kentris; Landon;1971-07-21;288;781;1.88
Begay; Daniel;1974-12-03;674;782;1.82
Thomas; Aaron;1984-10-18;756;783;1.97
el-Allee; Shakeel;1982-08-01;882;784;1.93
Cordova; Terry;1977-08-20;72;785;1.83
el-Tabatabai; Kanaan;1977-03-05;16;786;1.83
al-Haq; Shaaheen;1978-12-24;660;787;1.87
Black; Hudson;1981-02-24;772;788;1.98
Romero; Ramon;1984-11-16;858;789;1.82
Allen; John;1980-03-20;174;790;1.89
Staley; Jose;1974-03-15;100;791;1.98
Lucas; Cody;1972-01-21;12;792;1.81
Jones; Johnnie;1982-02-02;296;793;1.81
Martinez; Alejandro;1976-06-20;60;794;1.84
al-Soliman; Jafar;1982-01-07;818;795;1.82
Gurule; Teodoro;1971-08-13;882;796;1.82
Behbahani; Joseph;1972-12-16;166;797;1.92
el-Harroun; Aayid;1982-06-27;840;798;1.84
Kozak; Alan;1979-03-24;643;799;1.9
Nunna; Tyler;1981-07-28;533;800;1.98
Jones; Alexander;1975-05-13;760;801;1.85
Fisher; Jorge;1985-12-20;356;802;1.9
Christinson; Bradley;1971-09-25;478;803;1.83
Owens; Corbett;1981-01-10;434;804;1.92
Silva; Tilden;1978-09-13;116;805;1.93
Smith; Rashawn;1982-11-17;158;806;1.95
Perez; Arnold;1983-07-10;666;807;1.92
el-Yassin; Haitham;1980-11-11;0;808;1.89
Hamlin; Randal;1984-12-10;670;809;1.94
Wallis; Michael;1975-08-03;600;810;1.91
Montenegro; Brayan;1975-07-21;499;811;1.89
Xiong; Laosa;1981-09-09;492;812;1.96
Lane; Trevonte;1972-10-08;834;813;1.97
Meraz; Emmanuel;1971-06-28;492;814;1.95
Jackson; Cannon;1973-05-03;499;815;1.98
Moore; Christopher;1981-09-08;634;816;1.93
Hudson; Sullivan;1977-03-22;233;817;1.95
Martinez; Joseph;1975-04-02;466;818;1.97
Kim; David;1975-10-11;388;819;1.81
Archuleta; Raymond;1972-11-15;659;820;1.85
Keelick; Andrew;1979-06-23;736;821;1.85
Gutierrez; Diego;1979-06-27;710;822;1.81
Knaub; Shane;1972-11-12;762;823;1.88
Carr; Colton;1971-12-17;16;824;1.84
Amaya; Robert;1978-02-25;170;825;1.83
Canada; Tylen;1972-01-18;678;826;1.93
Greene; Tyler;1977-02-26;108;827;1.95
el-Qadir; Imraan;1972-04-13;548;828;1.92
Lopez; Angel;1977-10-15;450;829;1.8
Henderson; Elijah;1972-01-09;740;830;1.81
el-Taheri; Muslih;1979-08-23;222;831;1.95
Moffitt Lucas; Aaron;1982-01-18;504;832;1.93
Silas; Tyler;1975-02-23;499;833;1.92
Gomez; Fred;1984-11-28;24;834;1.81
Lansing; Austin;1979-08-30;300;835;1.93
al-Qasim; Faadi;1973-10-07;659;836;1.85
Campbell; Dyami;1978-09-14;192;837;1.83
Benusa; Jackson;1975-10-02;340;838;1.85
Dequiroz; John;1984-03-01;702;839;1.98
al-Abdelnour; Rayyaan;1980-01-08;586;840;1.95
Stafford; Torrence;1977-10-18;690;841;1.96
Medicine Bear; Luke;1984-08-26;724;842;1.89
Barron; Antonio;1975-05-23;474;843;1.9
Norris; Luke;1978-11-11;554;844;1.88
Minish; Nathan;1985-02-22;638;845;1.92
al-Ahmadi; Abdul Noor;1983-11-24;175;846;1.96
Mcredmond; Nehumi;1981-10-11;404;847;1.85
Keeter; Matthew;1980-04-17;654;848;1.92
Escudero; Aaron;1983-03-12;831;849;1.89
Julian-Ambrose; Jabril;1971-07-22;336;850;1.86
Lopez-Itomura; Jesse;1976-03-18;162;851;1.88
Lattimer; Dante;1976-10-25;504;852;1.91
Two Crow; Michael;1983-08-01;360;853;1.96
Crawleigh; Joshua;1982-07-16;670;854;1.94
Plummer; Donovon;1973-01-25;70;855;1.85
Fry; Samuel;1973-04-28;178;856;1.89
Harris; Alfred;1975-10-02;324;857;1.94
Hai; Aaron;1982-11-23;316;858;1.85
Tafoya; Michael;1979-02-23;694;859;1.82
el-Mohammad; Rushdi;1973-06-22;570;860;1.8
Little; Jerry;1976-08-08;462;861;1.85
Lavallais; Robert;1985-02-20;36;862;1.86
el-Jaber; Aasim;1983-04-22;178;863;1.94
al-Salman; Salmaan;1981-11-22;398;864;1.88
George; Darrell;1980-03-16;36;865;1.87
Garcia; Fernando;1982-02-09;417;866;1.92
Atayde; Oscar;1979-06-25;752;867;1.91
Abalos; Fernando;1979-02-12;764;868;1.83
Walters; Jeremiah;1973-11-05;702;869;1.93
Morrow; Davuntae;1975-08-23;450;870;1.91
Fabry; Lincoln;1973-09-11;876;871;1.91
Ordonez; Mauricio;1971-12-25;400;872;1.82
Mccoy; Lucas;1982-02-05;24;873;1.86
Arteaga; Donovan;1972-06-13;51;874;1.87
el-Nagi; Shaamikh;1979-01-21;535;875;1.89
Slaughter; Regal;1979-07-09;4;876;1.88
Tidwell; Joshua;1985-10-23;10;877;1.96
al-Mahmoud; Waatiq;1982-07-09;234;878;1.89
Luebbert; Cole;1982-10-10;554;879;1.83
Thomas; Jody;1978-03-13;254;880;1.97
Kim; David;1972-06-12;795;881;1.94
Pigford; Julian;1972-02-03;426;882;1.82
George; Jeffrey;1981-09-01;296;883;1.85
al-Abdella; Safar;1977-10-14;300;884;1.84
Yates; Dillon;1982-02-05;296;885;1.95
Jiang; John;1977-03-10;20;886;1.93
Few; Monval;1979-04-13;308;887;1.81
Molina; Devon;1978-09-20;612;888;1.98
al-Bari; Aadil;1971-12-25;558;889;1.84
Figueroa; Edgar;1978-07-06;132;890;1.94
Graves; Zachery;1978-11-09;250;891;1.95
Cave; Robert;1984-04-11;574;892;1.91
Harris; Charles;1973-01-04;854;893;1.91
Garner; Maximeno;1977-03-18;646;894;1.82
Prieto; Joshua;1975-01-19;833;895;1.88
Diaz; Stephen;1975-05-08;178;896;1.85
Dodson; Dylan;1981-02-18;858;897;1.82
Franklin; Joshua;1980-10-23;124;898;1.87
Sanders; Christopher;1981-09-25;242;899;1.81
Owings; Nathan;1976-12-04;574;900;1.91
Maes; Angel;1977-07-04;600;901;1.84
Rosa; Jesus;1976-10-08;348;902;1.88
Stokes; Preston;1977-06-28;246;903;1.94
Banks; Antonio;1985-04-10;566;904;1.97
Allen; Marcus;1985-04-12;191;905;1.86
Johnson; Alex;1971-07-15;233;906;1.87
Williams; Antonio;1973-03-20;226;907;1.9
el-Ashraf; Zaid;1973-03-07;624;908;1.92
Threatt; Jalond;1984-01-04;90;909;1.85
el-Kaiser; Burhaan;1981-01-19;674;910;1.84
Pucheril; Jea Goun;1977-03-15;616;911;1.91
Galvan; Jermaine;1979-07-09;566;912;1.9
Fish; Logan;1975-02-15;831;913;1.88
Desmarais; Talon;1981-01-03;716;914;1.91
Le; Sean;1975-12-01;76;915;1.96
Metcalfe; Javon;1984-07-20;710;916;1.93
Mares; Alec;1972-09-21;670;917;1.97
el-Mustafa; Asghar;1984-12-19;442;918;1.93
al-Abdo; Fateen;1985-01-27;583;919;1.89
Quezada; Justin;1979-12-04;132;920;1.9
Johnston; Brant;1979-02-05;440;921;1.81
Thao; Charles;1984-01-09;132;922;1.83
Hale; Claudio;1979-12-10;144;923;1.95
Escobedo-Gaspar; Garrett;1985-03-24;0;924;1.87
Jenkins; Abdinasir;1981-07-08;674;925;1.97
Pino; Trevor;1976-07-23;591;926;1.83
Gilbert; Kristopher;1975-05-16;72;927;1.98
el-Radwan; Humaid;1974-01-25;72;928;1.93
Nunn; Isaac;1972-02-07;340;929;1.87
Gonzalez; Cesar;1977-03-15;524;930;1.93
Hines; Jonah;1985-04-04;833;931;1.9
el-Mady; Taariq;1974-05-15;826;932;1.97
Cox; Lakota;1982-01-23;876;933;1.92
Choe; Michael;1973-01-18;72;934;1.84
Wilkins; Giniko;1985-09-19;418;935;1.95
al-Abdallah; Zuraara;1976-08-11;732;936;1.84
Vega; Trenton;1973-04-11;744;937;1.92
Mcpadden; Derek;1984-04-09;554;938;1.95
Morton; Jace;1974-01-05;728;939;1.81
al-Hashmi; Muneeb;1973-05-16;554;940;1.82
el-Jalali; Hamza;1973-09-05;260;941;1.97
Stallberg; Nathan;1983-10-22;36;942;1.81
al-Hasan; Fayyaad;1977-03-24;233;943;1.94
Barihe; Lilton;1978-12-28;292;944;1.82
Oronia; David;1973-04-27;191;945;1.95
al-Azer; Aadam;1976-02-22;312;946;1.91
al-Tawil; Hilmi;1973-11-29;466;947;1.87
Yan; Donovan;1982-05-19;854;948;1.81
Herrera; Daniel;1981-08-13;258;949;1.92
al-Halaby; Ruwaid;1974-03-20;795;950;1.89
Sanchez IV; Maxwell;1982-06-15;600;951;1.95
Ji; Va'Aahi;1976-12-30;887;952;1.82
Leer; Tanner;1975-02-07;232;953;1.82
Quidachay; Brandon;1985-02-01;275;954;1.93
el-Sarwar; Luqmaan;1982-01-27;724;955;1.81
Menon; Ryan;1971-11-19;292;956;1.96
Williams; Marcello;1976-09-09;417;957;1.9
Relph; Colton;1971-08-18;52;958;1.89
el-Hashim; Rabi;1972-10-08;583;959;1.8
Nevarez; John;1979-02-18;638;960;1.92
el-Moustafa; Maazin;1981-01-27;562;961;1.96
Hart; Brandon;1982-04-02;598;962;1.91
Otero; Amanual;1971-05-05;304;963;1.93
Ralpho; Matthew;1982-12-13;756;964;1.85
Tampubolon; Ken;1982-10-12;748;965;1.81
Morales Perez; Antonio;1976-11-07;50;966;1.86
Embry; Brendin;1974-04-29;70;967;1.96
Chang; Rafiullah;1974-05-09;756;968;1.82
Soto; David;1973-06-27;232;969;1.87
Geebro; Joseph;1982-07-26;894;970;1.83
Anderson; Bryant;1984-10-04;858;971;1.94
Garrett; Teon;1985-07-19;756;972;1.81
al-Mansour; Fahmi;1979-05-29;70;973;1.85
Ortega; Dominican;1980-05-16;652;974;1.86
Montes-Acosta; Alex;1973-04-30;660;975;1.97
Hosseini; Kurt;1975-12-30;736;976;1.91
Doria; Hunter;1973-11-18;694;977;1.82
Vasquez; Shawnte;1977-08-20;148;978;1.94
Faulkner; Anthony;1976-01-24;776;979;1.9
al-Younan; Awf;1981-08-27;96;980;1.82
Farmer; Cartrell;1984-08-09;246;981;1.81
Caotrieu; Ahnaf;1977-09-06;638;982;1.86
el-Sahli; Ilyaas;1971-01-29;152;983;1.86
Begay; John;1983-08-20;642;984;1.95
el-Pirani; Daamir;1985-05-05;508;985;1.81
Bovarnick; Joshua;1985-06-08;710;986;1.84
Wi; Holden;1980-12-18;732;987;1.97
Kurronen; Daniel;1984-04-09;716;988;1.82
Fischer; Ryan;1978-02-23;296;989;1.95
al-Saadeh; Abdus Salam;1977-05-18;578;990;1.92
Riser; Brandon;1982-05-13;643;991;1.8
Aleman; Rigoberto;1982-04-26;380;992;1.98
Cloud; Joshua;1983-10-25;531;993;1.87
Schmidt; Parker;1977-03-18;104;994;1.92
Price; John;1977-06-26;724;995;1.88
Garcia; Flavio;1974-08-29;792;996;1.94
Richy; Thomas;1978-07-01;682;997;1.86
Johnson; Phillip;1971-04-23;804;998;1.9
Billingsley; Deshawn;1971-04-08;862;999;1.97
Chavez; Aldo;1976-12-30;710;1000;1.9
Brough; Shawn;1976-12-11;740;1001;1.98
Winterling; Andrew;1976-02-23;548;1002;1.84
el-Kamel; Waseem;1982-09-23;598;1003;1.92
Mireles; Donovan;1973-06-07;570;1004;1.94
Martinez; Cody;1977-07-02;156;1005;1.92
Youngquist; Samuel;1976-05-09;480;1006;1.97
Pina; Andrew;1981-06-06;484;1007;1.8
Baliga; Gabriel;1982-03-07;248;1008;1.85
Baldino; Michael;1981-08-11;446;1009;1.81
Northup; Tyce;1981-05-16;238;1010;1.93
Miller; Stephen;1985-01-13;854;1011;1.94
Tapparo; Caleb;1973-08-17;454;1012;1.89
Allen; Joe;1980-01-18;804;1013;1.84
Smith; Jayden;1985-11-16;258;1014;1.94
Perez; Alejandro;1978-10-27;76;1015;1.95
Barela; Ramon;1982-01-08;70;1016;1.86
Siregar; Richard;1971-09-16;72;1017;1.81
Yang; Kevin;1977-05-14;112;1018;1.95
Herzberg; Jose;1983-07-21;528;1019;1.89
el-Farrah; Taamir;1974-08-05;231;1020;1.96
Percell; Pharo;1980-10-06;616;1021;1.93
Larkin; Dylan;1985-02-13;662;1022;1.89
Smith; Mikale;1984-11-27;52;1023;1.94
Mayer; Jason;1980-08-06;404;1024;1.94
Smith; Jordan;1984-02-19;260;1025;1.83
Darity; Alexander;1984-10-11;450;1026;1.96
Hurtado; Gustavo;1985-05-06;234;1027;1.95
Cruz; Jonathan;1984-01-26;643;1028;1.89
Torres De Los Santos; Kevin;1971-08-09;612;1029;1.82
Cade; Ryan;1981-05-13;384;1030;1.88
Sawyers; Devyn;1984-10-25;740;1031;1.82
Osborne; Derrick;1984-06-18;72;1032;1.88
Phanthavongsa; Ryan;1971-12-28;312;1033;1.86
Johnson; Jermal;1982-06-09;428;1034;1.89
Bui; Curtis;1983-08-23;408;1035;1.93
Hills; Karandeep;1982-08-15;60;1036;1.98
Yoh; Lucas;1973-08-16;894;1037;1.88
el-Din; Musheer;1983-07-15;8;1038;1.97
Knight; Nathen;1978-02-04;408;1039;1.91
el-Malik; Abyad;1973-02-14;90;1040;1.89
Tran; Brandon;1979-08-12;854;1041;1.95
Castano; Adrian;1978-06-22;100;1042;1.96
Moline; Derrick;1984-10-23;690;1043;1.95
Hanks; Skyler;1973-09-16;246;1044;1.86
al-Nawaz; Haaroon;1975-04-24;262;1045;1.86
Horton; Elijah;1982-10-28;292;1046;1.83
Barnes; Sean;1973-04-12;764;1047;1.88
Amin; Michaud;1979-01-14;533;1048;1.85
Luong; Daniel;1976-02-17;450;1049;1.82
al-Abad; Faaiq;1976-11-18;8;1050;1.82
Beard; Nyang;1980-10-17;414;1051;1.91
al-Jalil; Jalaal;1977-03-26;233;1052;1.8
Marquez; Edwin;1973-08-17;174;1053;1.91
Gordon; Armound;1978-04-19;208;1054;1.84
Alvarez; Cristian;1985-08-04;466;1055;1.82
Fuino; Joshua;1984-05-01;218;1056;1.92
Wilson; Julian;1975-12-09;400;1057;1.96
Colwell; Mark;1980-10-08;442;1058;1.97
al-Salman; Taariq;1983-07-13;531;1059;1.89
Cheung; Bryan;1985-02-24;166;1060;1.8
Cordero; Randal;1984-05-27;84;1061;1.86
Donnelly; Deshant;1983-07-27;548;1062;1.89
Tulley; Dylan;1975-03-14;430;1063;1.9
Myers; Ryan;1985-07-27;686;1064;1.87
Ho; Miromar;1976-01-08;724;1065;1.83
Cook; Joshua;1971-07-22;591;1066;1.92
Trujillo; Joseph;1982-07-18;818;1067;1.83
Bonstead; Adam;1985-01-11;204;1068;1.94
Plumber; James;1976-05-15;50;1069;1.95
al-Noor; Abdul Wadood;1981-02-23;458;1070;1.84
Robinson; Dylan;1974-05-28;384;1071;1.92
Young; Kyle;1980-04-08;312;1072;1.89
Mendoza; Kevin;1978-12-18;454;1073;1.94
Palmer; Chase;1982-05-11;356;1074;1.84
Dial; Brandon;1975-10-11;52;1075;1.94
Valdez; Richard;1982-08-16;74;1076;1.83
Tran; Munir;1978-02-24;531;1077;1.85
Cotonuts; Jonathan;1984-03-26;660;1078;1.85
Coleman; Yejoon Kevin;1972-05-02;124;1079;1.82
Kinloch; Kevin;1981-07-08;48;1080;1.82
Graham; Taylor;1978-07-19;690;1081;1.88
Hamen; Julian;1983-04-05;238;1082;1.93
Patterson; Savon;1976-08-12;784;1083;1.97
Gabel; Nathaniel;1974-06-05;768;1084;1.82
Borders; Noah;1975-07-12;792;1085;1.92
Pickruhn; Nathaniel;1985-11-16;116;1086;1.89
Tom; Richard;1983-10-30;705;1087;1.91
Yussufu; Benjamin;1976-02-30;175;1088;1.97
al-Amiri; Muneeb;1984-12-06;152;1089;1.87
Lasco; Dilan;1979-05-03;250;1090;1.83
Hensel-Werderitch; Julien;1975-12-09;570;1091;1.82
al-Zaidi; Katheer;1972-12-21;440;1092;1.86
Mileon; Brandon;1974-04-10;694;1093;1.85
el-Amini; Haashid;1971-09-26;450;1094;1.81
Nguyen; Andrew;1985-02-11;344;1095;1.85
Deleff; Kristofer;1972-07-03;239;1096;1.9
Calhoun; Jason;1977-11-23;104;1097;1.8
Forfar-Jones; David;1983-12-23;724;1098;1.84
Rodriguez; Lane;1981-09-16;276;1099;1.87
Arreola; Luis;1974-04-28;104;1100;1.81
Avila; Steven;1971-12-01;562;1101;1.94
al-Meskin; Naseer;1975-06-01;690;1102;1.85
al-Rizk; Furqaan;1978-01-19;20;1103;1.84
Luks; Qashr;1982-03-06;462;1104;1.97
Burgos; Steven;1975-08-02;332;1105;1.84
el-Baig; Rashaad;1982-07-14;174;1106;1.91
Baldwin; Vchuefeu;1984-06-27;548;1107;1.84
Wadsworth; Ethan;1981-09-08;583;1108;1.91
Allgaier; John;1972-02-04;304;1109;1.86
Reuse; Lance;1983-09-25;180;1110;1.9
Raso; John;1973-04-21;344;1111;1.96
Patten; Devin;1977-01-22;600;1112;1.82
Testerman; Benjamin;1975-10-04;31;1113;1.8
Berg; Brandon;1974-02-20;308;1114;1.84
Walters; Cainan;1985-08-19;56;1115;1.82
De La Cruz; Stephen;1984-05-14;104;1116;1.96
Cisneros; Luis;1983-02-05;231;1117;1.96
al-Zadeh; Naaji;1978-06-21;120;1118;1.87
al-Elbaz; Haashid;1984-12-07;586;1119;1.86
Bruski; Chinguun;1974-08-27;64;1120;1.84
Warren; Shawn;1985-12-24;222;1121;1.87
Ruiz-Apodaca; Victor;1977-08-17;184;1122;1.89
Jaramillo; Etelberto;1978-09-11;732;1123;1.85
al-Saleem; Bassil;1984-01-02;660;1124;1.95
el-Tamer; Abdul Khaliq;1979-01-11;492;1125;1.9
Blanco; Edward;1972-06-03;56;1126;1.88
al-Hamid; Hibbaan;1974-09-04;44;1127;1.86
Lee; Lawrence;1976-08-24;548;1128;1.89
Ramzy; Daquawn;1984-10-19;710;1129;1.97
Wilson; Jacob;1984-05-04;312;1130;1.9
Davis; Darnell;1984-06-12;604;1131;1.94
al-Saad; Abdul Ghafoor;1980-06-08;504;1132;1.87
Light Bosquez; Brady;1985-12-06;28;1133;1.89
Gonzales; Richard;1979-01-30;583;1134;1.93
al-Tawil; Adnaan;1977-07-11;616;1135;1.94
Kreul; Brandon;1984-01-04;344;1136;1.95
Reyes; Luis;1975-06-25;535;1137;1.96
Asmarzadeh; Thomas;1979-05-25;654;1138;1.98
Chester; Althean;1979-11-20;662;1139;1.8
Loera-Silva; Jadon;1973-12-07;64;1140;1.98
Blackmore; Dale;1983-06-17;860;1141;1.85
Duran; Mathew;1972-12-07;214;1142;1.8
Tan; Anthony;1981-12-12;218;1143;1.97
Pauka; Elijah;1974-06-29;686;1144;1.87
Perez; Robert;1978-03-04;296;1145;1.83
Johnson; Bailey;1979-05-24;604;1146;1.92
Vue; Brian;1972-09-03;784;1147;1.92
el-Rasul; Irfaan;1972-03-23;630;1148;1.91
el-Abdelnour; Alawi;1982-05-19;188;1149;1.82
Price; Kevin;1977-03-05;652;1150;1.94
Abalos; Richard;1985-05-11;404;1151;1.85
Vallie; Indigo;1985-01-28;652;1152;1.93
Green; Lameek;1982-06-16;76;1153;1.95
Hecomovich; Kelsey;1984-10-21;764;1154;1.86
al-Nasr; Ibrahim;1973-03-27;584;1155;1.93
Rippy; Cornelius;1973-03-26;208;1156;1.88
Fiddelke; Christopher;1977-06-06;807;1157;1.88
al-Rashid; Humaidaan;1975-12-11;340;1158;1.86
Goldscheitter; Justin;1974-12-21;554;1159;1.96
Thatcher; Nathan;1975-04-26;398;1160;1.9
Manzanares; Jerimiah;1980-05-27;516;1161;1.85
Paige; Dominique;1985-02-07;833;1162;1.98
Harvey; Evander;1977-06-09;158;1163;1.87
Guerrero; Brian;1971-10-18;428;1164;1.88
al-Ramadan; Shaheer;1978-06-07;8;1165;1.89
Gallegos; Jorge;1972-05-04;414;1166;1.92
Smiley; Brody;1976-07-07;360;1167;1.94
el-Dia; Iyaad;1977-05-10;266;1168;1.94
Hollaway; John;1979-12-23;624;1169;1.91
Almdale; Lance;1979-04-01;242;1170;1.92
al-Saba; Qaasim;1975-03-07;352;1171;1.89
Terry; Joseph;1984-11-29;585;1172;1.9
Han; James;1985-12-09;612;1173;1.92
Riley; Brandon;1972-12-10;410;1174;1.93
Martinez; Noe;1976-12-06;320;1175;1.86
Vo; Savdeep;1973-09-27;96;1176;1.94
Maas; Michael Dale;1979-03-06;688;1177;1.93
Tran; Brandon;1971-12-13;226;1178;1.82
al-Fahs; Abdul Khaliq;1976-10-03;124;1179;1.98
Hoffer; Brandon;1981-06-01;578;1180;1.86
Moore; Lesante;1971-03-11;248;1181;1.84
el-Yassin; Abdus Samad;1983-04-23;175;1182;1.81
Jauch; Taylor;1984-04-08;100;1183;1.91
Brown; Alexander;1975-05-12;90;1184;1.87
al-Salah; Humaidaan;1971-08-28;710;1185;1.93
el-Nasser; Jaasim;1982-07-24;858;1186;1.85
el-Sala; Haazim;1972-10-13;688;1187;1.87
Kumar; Sebastian;1985-09-19;780;1188;1.97
Garcia; Farley;1984-10-16;417;1189;1.92
al-Rahaim; Akram;1977-10-20;860;1190;1.82
Huddleston; Jon;1985-02-22;850;1191;1.89
Maileoi; Fate;1973-07-09;188;1192;1.95
el-Mostafa; Abdul Wadood;1976-04-03;254;1193;1.9
Otgontulga; Adam;1984-02-09;51;1194;1.96
Mendoza; Ivan;1976-02-09;533;1195;1.81
Dombaugh; Ty;1983-11-13;428;1196;1.94
Battumur; Tommy;1979-06-09;368;1197;1.96
Burns; Brandan;1974-10-19;492;1198;1.9
Hassan; Jared;1972-02-30;148;1199;1.97
Bender; Christopher;1973-06-09;40;1200;1.88
Parker; Abdifatah;1983-08-20;196;1201;1.86
Jivan; Rayden;1971-12-03;466;1202;1.84
Angeles; Julian;1982-05-05;191;1203;1.82
Hicks; Brandon;1971-04-01;384;1204;1.84
Lorenz; Tyler;1980-05-27;752;1205;1.8
Richards; Zachary;1983-08-03;254;1206;1.84
Mcroy; Cochise;1985-01-29;192;1207;1.91
Sanchez Mejia; Austin;1981-08-05;768;1208;1.97
Bueno; Robert;1971-08-28;320;1209;1.97
Vue; Alec;1973-09-20;756;1210;1.85
Valenzuela; Gabriel;1985-05-10;352;1211;1.91
Miller; Nolan;1971-06-07;300;1212;1.83
Gosnell; Jacob;1978-08-17;10;1213;1.95
Creel; Trevor;1971-02-14;752;1214;1.87
Melonas; Adam;1979-11-10;417;1215;1.91
Truong; Richard;1978-05-29;275;1216;1.94
Deibel; Neil;1984-08-30;776;1217;1.97
Butler; Jorge;1971-02-16;92;1218;1.84
al-Hakim; Taaj;1976-10-21;68;1219;1.92
Cao; Justin;1984-03-10;512;1220;1.94
Thornholt; Joseph;1979-07-12;268;1221;1.89
al-Arshad; Aadam;1976-05-05;356;1222;1.81
Zimmerman; Dominik;1979-12-30;520;1223;1.9
el-Hakim; Haarith;1972-03-03;112;1224;1.94
el-Azad; Zaki;1979-05-27;462;1225;1.83
Duran; Rance;1982-09-04;300;1226;1.97
Mutch; Talon;1978-03-09;624;1227;1.9
Nguyen; Sebastian;1975-02-16;400;1228;1.93
Larsen; Grant;1983-03-25;320;1229;1.83
Schmitz; Darren;1973-09-13;620;1230;1.91
Aviado; Jacob;1978-03-10;56;1231;1.91
Blitzer; Emmanuel;1975-09-12;744;1232;1.87
Gentry; Cesar;1978-03-18;184;1233;1.82
el-Jama; Uthmaa N;1976-07-04;858;1234;1.84
Frost; Gavin;1974-12-08;320;1235;1.81
Lee; Anthony;1981-09-14;152;1236;1.93
al-Syed; Shabaan;1976-10-15;744;1237;1.87
Vick; Clarence;1971-05-23;132;1238;1.86
Ramirez; Martin;1983-06-29;232;1239;1.93
Bedan; Vincent;1983-03-20;807;1240;1.86
al-Din; Sabri;1971-03-05;356;1241;1.82
Lynn; Eric;1977-11-02;608;1242;1.83
Turner; Marnath;1977-08-04;466;1243;1.94
el-Mannan; Fawzi;1983-06-30;882;1244;1.9
Barry; Brandon;1984-03-25;233;1245;1.92
Parker; Kenton;1985-03-16;262;1246;1.86
Towns; Michael;1976-06-12;807;1247;1.9
Ehizuelen; Jamal;1975-09-14;84;1248;1.9
Bostic; Eugene;1984-10-04;74;1249;1.96
Chester; August;1977-11-05;798;1250;1.96
Mason; Tazz;1973-04-25;807;1251;1.89
